ID,CO2
ID_007308,631.583469026047
ID_007309,649.5360191106292
ID_007310,626.8865970881599
ID_007311,629.2742001488102
ID_007312,584.859762943747
ID_007313,598.1700413126194
ID_007314,611.4110070449906
ID_007315,585.2817465903408
ID_007316,584.8117866268258
ID_007317,602.8714585679425
ID_007318,636.8002285767909
ID_007319,616.2078937754711
ID_007320,596.6733190221476
ID_007321,607.2699682941868
ID_007322,627.195228040541
ID_007323,637.1036391302018
ID_007324,600.6231822934951
ID_007325,624.0940018701734
ID_007326,614.042802177177
ID_007327,597.2792291733698
ID_007328,585.0667924341764
ID_007329,598.393639398327
ID_007330,607.2720182794404
ID_007331,611.3156850234966
ID_007332,584.8929256823798
ID_007333,604.505919703185
ID_007334,597.4919185368404
ID_007335,603.9059364153111
ID_007336,643.5609071683285
ID_007337,597.9517992881276
ID_007338,597.130759330759
ID_007339,614.6520241781951
ID_007340,605.8378872734337
ID_007341,599.235506321053
ID_007342,633.8246398742493
ID_007343,637.6720419232136
ID_007344,613.7522232612077
ID_007345,599.2912106861327
ID_007346,601.7259325731978
ID_007347,602.3887084070674
ID_007348,629.2553435233123
ID_007349,619.7797105267803
ID_007350,626.0955232068509
ID_007351,584.7977022654761
ID_007352,630.0467385912689
ID_007353,622.2094158891031
ID_007354,584.2850491395416
ID_007355,584.7033048800632
ID_007356,606.4708457341268
ID_007357,631.3000871407119
ID_007358,612.3631208166358
ID_007359,631.49460096257
ID_007360,585.7743152471668
ID_007361,603.1460900632776
ID_007362,585.5699003691185
ID_007363,626.6770150223268
ID_007364,600.8375288539355
ID_007365,608.5180889036353
ID_007366,645.0912740307273
ID_007367,612.6460813339723
ID_007368,599.6148063800417
ID_007369,625.0523829633192
ID_007370,637.9921187929001
ID_007371,600.0899628981671
ID_007372,602.1522182338583
ID_007373,606.0600479487192
ID_007374,601.1531416664232
ID_007375,618.2404174923704
ID_007376,599.9383921411265
ID_007377,615.2559019398861
ID_007378,611.4013409614976
ID_007379,605.379728495744
ID_007380,631.4487650546242
ID_007381,625.6440869999465
ID_007382,591.4460880040948
ID_007383,644.0294204915302
ID_007384,599.360576795343
ID_007385,613.472886456871
ID_007386,620.1794800990103
ID_007387,608.6836654735091
ID_007388,635.054517484205
ID_007389,584.6620131292002
ID_007390,603.7772733671172
ID_007391,644.301911733162
ID_007392,634.2765037257228
ID_007393,649.2749180542144
ID_007394,603.0276794093206
ID_007395,597.1926729743135
ID_007396,617.4002950749045
ID_007397,610.2532105868047
ID_007398,596.9996005542881
ID_007399,632.3394278054435
ID_007400,622.1772829190799
ID_007401,618.2375661934256
ID_007402,603.2546482866799
ID_007403,584.7876358907613
ID_007404,602.8888225278843
ID_007405,612.994386294777
ID_007406,606.3788308397689
ID_007407,599.4499497265123
ID_007408,597.273849575022
ID_007409,608.0752915862284
ID_007410,600.0833505938983
ID_007411,627.9347781933717
ID_007412,605.5761960062741
ID_007413,584.1265420554479
ID_007414,632.6196934048493
ID_007415,600.0761569148295
ID_007416,634.1845197876447
ID_007417,649.0935375107251
ID_007418,602.8823545085265
ID_007419,584.8039837676557
ID_007420,615.1403489985523
ID_007421,620.5409015041829
ID_007422,601.5045557834616
ID_007423,604.0862870683186
ID_007424,606.2281601914419
ID_007425,598.6856890423294
ID_007426,597.7589471269159
ID_007427,645.7361240146397
ID_007428,630.6560704627112
ID_007429,632.6587270509145
ID_007430,612.3336366043399
ID_007431,601.669428524507
ID_007432,625.4801305770051
ID_007433,615.5694873444866
ID_007434,596.3390335089556
ID_007435,584.9046315847097
ID_007436,605.0028380145567
ID_007437,636.9637541559421
ID_007438,636.4601664722765
ID_007439,605.3251481087419
ID_007440,599.2739600700534
ID_007441,601.0925038421136
ID_007442,604.5247627091384
ID_007443,629.0706443050194
ID_007444,601.218801446536
ID_007445,604.8449981231231
ID_007446,602.1232741111639
ID_007447,647.486761817621
ID_007448,607.3564200790757
ID_007449,650.8067416747103
ID_007450,584.6234019175429
ID_007451,585.1531261730477
ID_007452,656.6993276758901
ID_007453,601.1398253316224
ID_007454,597.9888648028112
ID_007455,604.5935190771128
ID_007456,620.3507682245959
ID_007457,597.8665890779175
ID_007458,614.4590333078613
ID_007459,597.6041639092417
ID_007460,601.3416639854136
ID_007461,607.7160595305133
ID_007462,627.230609805219
ID_007463,630.6075442071532
ID_007464,585.2294997005931
ID_007465,597.3192555837086
ID_007466,601.4066681230739
ID_007467,607.4515351847378
ID_007468,598.3601307780995
ID_007469,585.1885298523972
ID_007470,613.290061434202
ID_007471,609.1993575048264
ID_007472,620.9937282148219
ID_007473,604.6345484435329
ID_007474,618.7588834319301
ID_007475,598.6933981769922
ID_007476,606.6373712998711
ID_007477,607.6442198895318
ID_007478,595.4457736079221
ID_007479,627.1529395517671
ID_007480,661.8086353094162
ID_007481,617.6620865843519
ID_007482,615.2129214594063
ID_007483,609.5241023744933
ID_007484,606.517390543953
ID_007485,651.3592258553199
ID_007486,603.2146460076142
ID_007487,606.0592494838584
ID_007488,610.6676111379235
ID_007489,618.4488606351883
ID_007490,606.350487786894
ID_007491,603.9656844902935
ID_007492,626.2358146651113
ID_007493,609.9286917802544
ID_007494,597.4411371192621
ID_007495,604.3835959132838
ID_007496,611.3820905117778
ID_007497,638.6026891847204
ID_007498,618.175238875239
ID_007499,597.32113497426
ID_007500,617.7866196502914
ID_007501,600.7393994155713
ID_007502,617.2651755093162
ID_007503,612.5830015283137
ID_007504,616.1164306097897
ID_007505,635.2712651521247
ID_007506,625.3348269586547
ID_007507,585.0972692025425
ID_007508,638.8113080156057
ID_007509,599.5267347857192
ID_007510,631.465439597471
ID_007511,600.8066603535356
ID_007512,617.6603301505644
ID_007513,601.2947449123234
ID_007514,609.1447237669896
ID_007515,610.3231101434229
ID_007516,597.3595969650662
ID_007517,616.408022140444
ID_007518,607.8328653023971
ID_007519,638.0539489824641
ID_007520,599.418179395914
ID_007521,608.3373714674499
ID_007522,649.5699324324323
ID_007523,635.9197956885457
ID_007524,632.3631502342434
ID_007525,597.7731925005367
ID_007526,625.3679121085368
ID_007527,654.3271476833972
ID_007528,597.803296600172
ID_007529,596.5027610808859
ID_007530,604.4702980882664
ID_007531,617.0052147774795
ID_007532,585.3992287488388
ID_007533,602.130260785339
ID_007534,646.3572083802551
ID_007535,620.0323540057916
ID_007536,607.8558999289462
ID_007537,627.0683260269199
ID_007538,636.8177963119363
ID_007539,638.0107211564249
ID_007540,588.1598302315102
ID_007541,629.5179580249885
ID_007542,597.938894599247
ID_007543,597.1543210062737
ID_007544,607.3661951318205
ID_007545,624.2690142862009
ID_007546,603.203177589115
ID_007547,600.1253979984446
ID_007548,600.7919420435046
ID_007549,596.2799132137425
ID_007550,611.8013195114752
ID_007551,609.2311180244778
ID_007552,613.918536840412
ID_007553,598.5991818218374
ID_007554,610.7221952421173
ID_007555,584.64381873503
ID_007556,596.6256186990566
ID_007557,608.9982959572809
ID_007558,616.9337360696743
ID_007559,598.2973327324886
ID_007560,599.8281476383036
ID_007561,616.1137146074643
ID_007562,608.1791808498845
ID_007563,610.1063524817436
ID_007564,615.6597488671715
ID_007565,613.3885053021771
ID_007566,601.818266033891
ID_007567,629.1700314712031
ID_007568,606.3446852849195
ID_007569,631.664460391804
ID_007570,636.9910270203231
ID_007571,612.5422999450342
ID_007572,618.9915125708089
ID_007573,600.7890497945187
ID_007574,636.2884668201069
ID_007575,634.1816981043537
ID_007576,597.6444643862618
ID_007577,611.4691649238524
ID_007578,603.6855487183608
ID_007579,627.319774299462
ID_007580,600.0731989040596
ID_007581,633.3006902549874
ID_007582,644.5353922002353
ID_007583,628.555297820141
ID_007584,607.9532369422992
ID_007585,626.482644921707
ID_007586,605.5522442084945
ID_007587,584.4196851427326
ID_007588,600.7354081201742
ID_007589,644.9964959379022
ID_007590,630.873508720774
ID_007591,617.3280157389538
ID_007592,604.6325166633756
ID_007593,597.8713216107749
ID_007594,598.2642823627203
ID_007595,609.8861819967285
ID_007596,604.0315320342664
ID_007597,617.5342087166307
ID_007598,598.2320845398971
ID_007599,662.121747472919
ID_007600,620.4553061533537
ID_007601,631.4442994892219
ID_007602,584.9771523578158
ID_007603,610.8853410888564
ID_007604,612.2356643473834
ID_007605,584.6179413230188
ID_007606,631.2959069002029
ID_007607,623.6262303598243
ID_007608,610.8847914320564
ID_007609,638.1818183341627
ID_007610,615.2505940650474
ID_007611,620.7833807064272
ID_007612,630.1526738792363
ID_007613,614.0369659279813
ID_007614,626.7001407657656
ID_007615,607.6795479072816
ID_007616,605.3079880428315
ID_007617,604.5159581456459
ID_007618,622.929267213642
ID_007619,616.906359093469
ID_007620,602.6030413784323
ID_007621,608.7558080960428
ID_007622,604.2989261583011
ID_007623,617.2654601029604
ID_007624,627.3508304266115
ID_007625,631.3704056735303
ID_007626,597.4614504571538
ID_007627,603.2447112290868
ID_007628,613.4366741741745
ID_007629,608.4759493181361
ID_007630,597.5217488135455
ID_007631,635.3906803008362
ID_007632,619.2906546613578
ID_007633,604.4230976512221
ID_007634,605.3295003150463
ID_007635,603.7074396687674
ID_007636,605.8379832957959
ID_007637,616.6876573560178
ID_007638,602.064643682847
ID_007639,604.4322521181895
ID_007640,607.7726076522945
ID_007641,619.4618682298373
ID_007642,605.7474477826038
ID_007643,601.2068821205539
ID_007644,608.6612441835092
ID_007645,601.8663382284471
ID_007646,591.2053703104486
ID_007647,616.0188564122147
ID_007648,629.1463184724901
ID_007649,632.101777670527
ID_007650,602.2328285875153
ID_007651,612.2157746474156
ID_007652,616.4393282791713
ID_007653,610.9512908555874
ID_007654,613.2440737054025
ID_007655,598.6213320200192
ID_007656,637.9874601163658
ID_007657,601.9213694162917
ID_007658,608.7563421680609
ID_007659,628.4205507963317
ID_007660,615.8984105198953
ID_007661,587.5221244499365
ID_007662,617.7599618591806
ID_007663,611.7526682882151
ID_007664,599.9175791304698
ID_007665,585.3339527864933
ID_007666,608.4503267776703
ID_007667,607.6106140738959
ID_007668,634.3740838494749
ID_007669,597.8453907590625
ID_007670,598.6916281236598
ID_007671,622.4185177364858
ID_007672,634.4199317621192
ID_007673,603.0914035230445
ID_007674,602.9621911532064
ID_007675,614.9542085612393
ID_007676,584.2554606783125
ID_007677,596.7808198265227
ID_007678,611.5245502604873
ID_007679,602.9864831349205
ID_007680,604.3164573613795
ID_007681,658.2972572765542
ID_007682,605.2536483784919
ID_007683,597.5371800930394
ID_007684,627.814171380187
ID_007685,637.9194957234024
ID_007686,619.4102043449695
ID_007687,607.4034061963758
ID_007688,586.1490057859194
ID_007689,632.5609658969032
ID_007690,619.8033884330755
ID_007691,625.8281037175564
ID_007692,599.9385644573146
ID_007693,598.2273851418383
ID_007694,597.9410491406584
ID_007695,629.2309765579296
ID_007696,611.6105180515332
ID_007697,613.2387556641465
ID_007698,624.2945587328398
ID_007699,603.4492501937809
ID_007700,616.6414226726737
ID_007701,616.9128324905666
ID_007702,599.5427804986402
ID_007703,611.6659750710535
ID_007704,644.2320386234453
ID_007705,611.8282146543858
ID_007706,600.0398921801268
ID_007707,609.3957838977375
ID_007708,604.7984949793544
ID_007709,610.1544211419211
ID_007710,603.2589627573999
ID_007711,626.0788751413749
ID_007712,637.0162743658838
ID_007713,606.4464711363149
ID_007714,599.8042402335369
ID_007715,599.7817170407017
ID_007716,609.6228052271017
ID_007717,608.4085229253196
ID_007718,618.6302771242225
ID_007719,615.9055738215886
ID_007720,637.9086864207956
ID_007721,600.0597161894037
ID_007722,618.3265559644464
ID_007723,640.3648511234447
ID_007724,608.3735440797947
ID_007725,610.3921993980586
ID_007726,625.2619634143072
ID_007727,604.0975533569283
ID_007728,618.2931763947386
ID_007729,620.2821757024884
ID_007730,600.1466329407738
ID_007731,620.2204978415914
ID_007732,612.4762287602127
ID_007733,637.1197353603598
ID_007734,602.0897008057159
ID_007735,609.0134665306538
ID_007736,598.073317346364
ID_007737,617.2233810261157
ID_007738,585.2045012392672
ID_007739,602.1152251581935
ID_007740,599.9374978988261
ID_007741,597.5072284896505
ID_007742,618.2598683809625
ID_007743,625.4953607625489
ID_007744,585.1387512840636
ID_007745,621.2934875114562
ID_007746,644.675080742268
ID_007747,603.9313813544278
ID_007748,598.2194019709641
ID_007749,613.5260019506109
ID_007750,614.5461545580683
ID_007751,637.9310735984576
ID_007752,621.7817599407449
ID_007753,610.7930814083154
ID_007754,629.9780038408952
ID_007755,655.9933887621385
ID_007756,603.48932358698
ID_007757,597.3940610481627
ID_007758,587.4332889784065
ID_007759,608.3789449605861
ID_007760,610.1709013701202
ID_007761,609.3133893379984
ID_007762,603.2294470251495
ID_007763,585.0270469612268
ID_007764,613.6959947264644
ID_007765,602.2583088669023
ID_007766,602.6128299311885
ID_007767,585.2532053258608
ID_007768,606.3789238457209
ID_007769,598.2787148755893
ID_007770,613.5761642882742
ID_007771,637.9734009679318
ID_007772,585.0196472116402
ID_007773,584.4714767324152
ID_007774,597.79803386483
ID_007775,625.962240116537
ID_007776,610.2623732041703
ID_007777,610.3015542581948
ID_007778,622.3011831027457
ID_007779,637.4188058695868
ID_007780,596.8066430625024
ID_007781,586.065675682277
ID_007782,630.562378673316
ID_007783,646.1927902791188
ID_007784,608.5842172174202
ID_007785,621.9511961738522
ID_007786,599.9366602804101
ID_007787,647.457779989811
ID_007788,600.1014162193848
ID_007789,605.1510121728871
ID_007790,613.7486186521343
ID_007791,597.7658962330834
ID_007792,601.4231792923198
ID_007793,636.4676419723295
ID_007794,654.9671185643848
ID_007795,596.8383744235307
ID_007796,633.3488515859605
ID_007797,606.7258025324433
ID_007798,600.04103984768
ID_007799,615.0033159554644
ID_007800,603.58679533328
ID_007801,597.4595394857108
ID_007802,608.1066738055019
ID_007803,608.2512023742493
ID_007804,613.8201104005793
ID_007805,597.2539614670467
ID_007806,597.4161849019266
ID_007807,600.1648744168267
ID_007808,645.6858375166975
ID_007809,604.7438286856257
ID_007810,607.95021884436
ID_007811,615.4334913139602
ID_007812,606.214375033516
ID_007813,631.4077357491412
ID_007814,611.2085081174922
ID_007815,597.5774211711712
ID_007816,608.4424321643075
ID_007817,610.6962608255577
ID_007818,607.741449576606
ID_007819,585.3083375634163
ID_007820,603.9069213444211
ID_007821,595.0111902306866
ID_007822,639.0971995991524
ID_007823,611.6552245579591
ID_007824,639.3516694149507
ID_007825,640.4104171694012
ID_007826,608.0193177423646
ID_007827,630.5737339459994
ID_007828,613.5710580558234
ID_007829,631.7797965782338
ID_007830,633.1229510202166
ID_007831,615.6034038502785
ID_007832,585.209547801149
ID_007833,606.0554252913626
ID_007834,596.9857653970931
ID_007835,611.5615699404761
ID_007836,611.8502314256212
ID_007837,596.729121252949
ID_007838,612.0865337048932
ID_007839,611.8230086671485
ID_007840,598.1175722597599
ID_007841,629.940007976727
ID_007842,598.1715715309466
ID_007843,654.3478859541359
ID_007844,601.7708546462451
ID_007845,639.4973510899292
ID_007846,584.9950534975927
ID_007847,610.689946140337
ID_007848,626.0819223241097
ID_007849,585.5288459675179
ID_007850,606.3808502343663
ID_007851,598.3194963937151
ID_007852,596.863993122587
ID_007853,636.9393051533673
ID_007854,598.3387642106389
ID_007855,609.5616907644243
ID_007856,600.111451424538
ID_007857,648.9078304156421
ID_007858,611.7612508409384
ID_007859,598.9015335984085
ID_007860,628.0725210600216
ID_007861,614.0096736245172
ID_007862,610.9060363376764
ID_007863,630.796994148166
ID_007864,596.659238591271
ID_007865,601.7596727561572
ID_007866,603.5336124882997
ID_007867,629.9645718618378
ID_007868,627.9299202662492
ID_007869,598.0233116487024
ID_007870,585.3973092182083
ID_007871,616.7701360400583
ID_007872,600.0026453604581
ID_007873,604.4591638513517
ID_007874,616.2244469306967
ID_007875,622.2540486915491
ID_007876,600.5431814068535
ID_007877,604.4473339969436
ID_007878,637.9056361607146
ID_007879,598.3650366326149
ID_007880,631.4208224255102
ID_007881,585.3498804532016
ID_007882,642.2101243187179
ID_007883,608.387776565121
ID_007884,649.296997393091
ID_007885,604.8404775311022
ID_007886,618.9282624142003
ID_007887,602.8778776544405
ID_007888,605.485455377252
ID_007889,605.4366567155631
ID_007890,637.1444943827754
ID_007891,608.1249106807697
ID_007892,601.7252692983169
ID_007893,597.3314492683635
ID_007894,596.2491106620012
ID_007895,617.5260512186296
ID_007896,586.6085071120233
ID_007897,609.2375529547412
ID_007898,597.5052592161966
ID_007899,618.6873959338803
ID_007900,605.0125320074543
ID_007901,618.7260750147473
ID_007902,604.4541561244685
ID_007903,598.3738450859546
ID_007904,617.5663070436509
ID_007905,602.2661332954307
ID_007906,600.5622012231386
ID_007907,603.9723327324892
ID_007908,626.8254604442109
ID_007909,614.1154663033572
ID_007910,647.5974196294502
ID_007911,602.7316086175451
ID_007912,601.6526211530121
ID_007913,632.9468718160124
ID_007914,621.4215096488533
ID_007915,597.3616618647867
ID_007916,597.16430580083
ID_007917,604.740833299818
ID_007918,617.7853620056741
ID_007919,585.4239238020491
ID_007920,601.6632232679106
ID_007921,633.3906479582257
ID_007922,619.9705867647277
ID_007923,601.2698754558129
ID_007924,601.8702942339665
ID_007925,607.3939783787448
ID_007926,627.9722116647891
ID_007927,600.3072838057212
ID_007928,604.5420294279667
ID_007929,611.7312432968687
ID_007930,598.2475753096844
ID_007931,639.206407020861
ID_007932,619.7028256594666
ID_007933,642.4604616385868
ID_007934,621.8434015894952
ID_007935,653.1639755116319
ID_007936,630.9658031052556
ID_007937,609.912763097919
ID_007938,615.7774615575402
ID_007939,658.1501676696997
ID_007940,599.4178921667201
ID_007941,601.7351140202704
ID_007942,599.7284742331616
ID_007943,605.3422857770516
ID_007944,611.9073858456669
ID_007945,632.065928651866
ID_007946,599.2695019237991
ID_007947,599.3438786550118
ID_007948,620.4313161934258
ID_007949,598.6657772524952
ID_007950,610.4674582455834
ID_007951,611.3199686598118
ID_007952,585.0243630272929
ID_007953,615.285768078347
ID_007954,630.3400872869629
ID_007955,601.709386898059
ID_007956,636.420881093147
ID_007957,611.5950664188942
ID_007958,598.2096298865838
ID_007959,603.6359566648633
ID_007960,626.0145308813284
ID_007961,597.9097201198765
ID_007962,600.0789529586403
ID_007963,616.8484080976267
ID_007964,610.1531207718706
ID_007965,605.0294717810337
ID_007966,626.9962152442623
ID_007967,612.5180336027994
ID_007968,605.9796147710205
ID_007969,606.3134344774976
ID_007970,602.6944546362513
ID_007971,602.2947948811224
ID_007972,609.9598267524049
ID_007973,589.3951451679972
ID_007974,653.8776904237843
ID_007975,617.9410689148967
ID_007976,598.8697243287086
ID_007977,628.6421728445168
ID_007978,602.9242361781425
ID_007979,626.756622191387
ID_007980,595.9043399324655
ID_007981,611.680421386281
ID_007982,585.4816903627449
ID_007983,611.3776877120624
ID_007984,601.3501111501107
ID_007985,609.2919684751722
ID_007986,601.9594040519827
ID_007987,614.6986280365192
ID_007988,634.1431811250167
ID_007989,630.4514854139861
ID_007990,628.3412721873661
ID_007991,584.8410920051541
ID_007992,635.6600525190366
ID_007993,606.0721419522204
ID_007994,599.9452533448618
ID_007995,626.8839667792793
ID_007996,597.1933691707131
ID_007997,597.8624053182643
ID_007998,611.2122301989482
ID_007999,602.9428400498709
ID_008000,597.9908846701812
ID_008001,596.1615340787222
ID_008002,611.7111901141204
ID_008003,598.6307462596521
ID_008004,607.6845012626266
ID_008005,596.5618826415706
ID_008006,590.753940235385
ID_008007,641.4646463427708
ID_008008,629.7650041224257
ID_008009,604.3773965371631
ID_008010,632.5323702761204
ID_008011,597.1353471826127
ID_008012,617.9555932911401
ID_008013,597.5855097335567
ID_008014,634.792715706779
ID_008015,611.817401740058
ID_008016,586.3867252017654
ID_008017,603.0189231083762
ID_008018,648.7431440368941
ID_008019,597.3334536545468
ID_008020,633.6005622810302
ID_008021,600.4617975117977
ID_008022,603.2789373539382
ID_008023,626.6281256703132
ID_008024,609.0547357625477
ID_008025,604.9713875405281
ID_008026,630.8363899613902
ID_008027,630.9053857682763
ID_008028,602.9385182209402
ID_008029,633.8355188894257
ID_008030,637.2324223015634
ID_008031,606.4308292109074
ID_008032,605.3119475717131
ID_008033,627.4179065784535
ID_008034,606.553278836873
ID_008035,598.329770283676
ID_008036,601.5956974730406
ID_008037,600.9059292856168
ID_008038,603.9420271275739
ID_008039,595.8976186819942
ID_008040,624.3125918329042
ID_008041,637.712940563331
ID_008042,602.652438264157
ID_008043,611.1919036223721
ID_008044,601.1546913923866
ID_008045,601.4582083960992
ID_008046,608.879672082797
ID_008047,609.0407645317803
ID_008048,613.9015706808678
ID_008049,613.7736290419883
ID_008050,625.3167561089442
ID_008051,618.5364684794368
ID_008052,608.7096595479401
ID_008053,638.5993449821568
ID_008054,629.407331717878
ID_008055,624.2978483556607
ID_008056,598.477183293785
ID_008057,631.3061268299551
ID_008058,609.2831095401413
ID_008059,629.3187295554483
ID_008060,585.5147319471542
ID_008061,642.2741421667196
ID_008062,638.6400752670288
ID_008063,598.1331265417209
ID_008064,599.717177399599
ID_008065,603.4866579190801
ID_008066,626.8189353872953
ID_008067,601.3323267209987
ID_008068,604.2802211911586
ID_008069,615.1003956523487
ID_008070,606.3836937942411
ID_008071,601.8041169416169
ID_008072,646.3209079056727
ID_008073,626.7462190985631
ID_008074,610.9969018125263
ID_008075,598.4741828882453
ID_008076,631.164287892804
ID_008077,633.2499655855135
ID_008078,610.3800203409578
ID_008079,603.4079854560316
ID_008080,617.250765710922
ID_008081,626.5359185941213
ID_008082,650.2483613737523
ID_008083,621.3096635088823
ID_008084,590.0061949629956
ID_008085,597.370273515195
ID_008086,609.5999103456135
ID_008087,599.3362032791719
ID_008088,645.0666375537472
ID_008089,599.8347903885013
ID_008090,617.7628475573787
ID_008091,631.9349541505796
ID_008092,606.7387410848349
ID_008093,633.0595532423665
ID_008094,615.8237879062096
ID_008095,610.7748024251928
ID_008096,618.7294842275314
ID_008097,604.412828925719
ID_008098,632.0009260376446
ID_008099,649.5462211552062
ID_008100,601.8836393312948
ID_008101,597.0048510307927
ID_008102,603.7862883937095
ID_008103,622.1370230569449
ID_008104,607.6457417441799
ID_008105,637.35444903609
ID_008106,605.4890826093949
ID_008107,605.9428159185969
ID_008108,587.4084024898485
ID_008109,612.4711730145319
ID_008110,598.1973487438335
ID_008111,602.2216945181791
ID_008112,584.7671048356601
ID_008113,602.9010352986913
ID_008114,632.8593324351144
ID_008115,608.4352620223713
ID_008116,600.6576542908579
ID_008117,635.9345719044934
ID_008118,628.42041368682
ID_008119,610.5905527585211
ID_008120,604.4801543274197
ID_008121,585.2103759627204
ID_008122,604.5703585992655
ID_008123,625.0144638500108
ID_008124,630.0543260336227
ID_008125,616.0872819349383
ID_008126,616.7561476096627
ID_008127,585.6139557348539
ID_008128,611.0892615830114
ID_008129,618.0042660405943
ID_008130,597.3521173314133
ID_008131,608.3114162711823
ID_008132,608.3725718362438
ID_008133,600.6396620951307
ID_008134,637.2010010365485
ID_008135,606.0099129263191
ID_008136,606.3769279882559
ID_008137,616.5341269841268
ID_008138,604.7072476849819
ID_008139,598.9299748967708
ID_008140,597.9866750958537
ID_008141,618.7717087013964
ID_008142,596.8724987035534
ID_008143,603.4454972931529
ID_008144,605.0382003413253
ID_008145,617.5953133378916
ID_008146,627.7324138312428
ID_008147,623.1996237867335
ID_008148,617.8689993565002
ID_008149,585.6798663339675
ID_008150,584.9813912964305
ID_008151,605.3026237580922
ID_008152,611.6656000308346
ID_008153,618.4395639247206
ID_008154,584.942265720977
ID_008155,644.7854371721556
ID_008156,612.2300334120641
ID_008157,617.9604271022242
ID_008158,603.5312040835478
ID_008159,605.4245272057773
ID_008160,643.0885087933921
ID_008161,598.7880680904119
ID_008162,611.5053993725877
ID_008163,598.3402996594401
ID_008164,585.5048885000064
ID_008165,624.2416266763918
ID_008166,612.6326614510207
ID_008167,623.4826751924414
ID_008168,621.9235276418867
ID_008169,612.5426816274464
ID_008170,597.5172866606459
ID_008171,613.8517771677934
ID_008172,604.357454720345
ID_008173,598.445276135511
ID_008174,623.3143854690727
ID_008175,621.6029433451305
ID_008176,618.2088638862076
ID_008177,611.8150689904596
ID_008178,598.3961137679879
ID_008179,585.0867013497871
ID_008180,621.6540201549972
ID_008181,600.5519033542465
ID_008182,596.8703693395098
ID_008183,600.3756934694436
ID_008184,597.4532932743874
ID_008185,624.1202979816261
ID_008186,648.7870121795905
ID_008187,603.0322779252464
ID_008188,604.5269049995609
ID_008189,627.4210142417168
ID_008190,636.3191625777569
ID_008191,597.4517262239914
ID_008192,596.2001147352712
ID_008193,634.2792347034538
ID_008194,585.0096674129486
ID_008195,599.2237134252756
ID_008196,616.8621807176495
ID_008197,640.1635569162911
ID_008198,608.1048750201088
ID_008199,629.6960464853045
ID_008200,603.5748475037541
ID_008201,643.0236737853921
ID_008202,613.1196863817958
ID_008203,597.0752540744735
ID_008204,624.0005876970724
ID_008205,612.8711280730813
ID_008206,612.2457800434368
ID_008207,638.6474925260079
ID_008208,603.6958442259222
ID_008209,633.4993047176633
ID_008210,631.5346920581298
ID_008211,619.1725710135873
ID_008212,604.2124512804197
ID_008213,604.4353132708601
ID_008214,586.4310684365375
ID_008215,630.5358806909595
ID_008216,603.6407494802027
ID_008217,608.4594725305667
ID_008218,617.2110919005452
ID_008219,609.4245411706345
ID_008220,602.796400372572
ID_008221,606.4823395940591
ID_008222,589.4273840627352
ID_008223,602.1926824221746
ID_008224,584.6532519893054
ID_008225,596.5668792676607
ID_008226,597.3197117318214
ID_008227,611.8575048262553
ID_008228,611.2482121986026
ID_008229,599.3801617465676
ID_008230,622.2461783770374
ID_008231,635.6891615387711
ID_008232,597.2969874120263
ID_008233,602.1170934047893
ID_008234,607.7231601579257
ID_008235,597.9904042993888
ID_008236,616.1970335290648
ID_008237,604.9329396919245
ID_008238,618.1028394465892
ID_008239,621.6702862511456
ID_008240,621.3136202608857
ID_008241,600.0819498069501
ID_008242,616.0265973562852
ID_008243,624.9661211231519
ID_008244,606.6369835770223
ID_008245,627.5009064005152
ID_008246,615.3831602249575
ID_008247,598.2597540620985
ID_008248,600.9002840756755
ID_008249,598.2516102598131
ID_008250,602.8481494329151
ID_008251,619.5903309000961
ID_008252,609.1374357870453
ID_008253,602.3231605844882
ID_008254,610.3691810113684
ID_008255,638.0074483523706
ID_008256,641.7639949380197
ID_008257,614.687146150818
ID_008258,612.2377327662489
ID_008259,586.2832140379016
ID_008260,616.5456304721928
ID_008261,641.840037721874
ID_008262,619.1685814162372
ID_008263,646.1624013725576
ID_008264,611.4543106164201
ID_008265,598.011039052445
ID_008266,616.7867381890819
ID_008267,600.2589981164195
ID_008268,605.459644100269
ID_008269,603.6816798383206
ID_008270,606.7368345161315
ID_008271,596.8866391096872
ID_008272,611.6961588617839
ID_008273,632.557105819802
ID_008274,605.1686962073686
ID_008275,631.1966737994084
ID_008276,611.1244435181928
ID_008277,611.9689950756358
ID_008278,630.276083896396
ID_008279,598.0743626997535
ID_008280,611.3352606512763
ID_008281,585.3812092896475
ID_008282,626.710836267476
ID_008283,601.1139611151328
ID_008284,639.8830533100066
ID_008285,618.9767687888776
ID_008286,601.5686184510403
ID_008287,637.4773273273264
ID_008288,603.7593310106985
ID_008289,629.0167878257723
ID_008290,616.1706535218258
ID_008291,598.5275448439513
ID_008292,614.4371681492776
ID_008293,596.7310868625322
ID_008294,601.778279339607
ID_008295,604.6818494275527
ID_008296,635.9742493254214
ID_008297,628.5542095667101
ID_008298,606.1722773707148
ID_008299,639.6307568450143
ID_008300,642.2058940357764
ID_008301,632.2108753284535
ID_008302,632.5046986820421
ID_008303,597.8765721281352
ID_008304,596.8498934659094
ID_008305,603.4285643902831
ID_008306,614.410457098738
ID_008307,597.5438414977483
ID_008308,597.2176806829152
ID_008309,598.3811086400927
ID_008310,629.4477833352834
ID_008311,629.7253581148118
ID_008312,597.6900388416016
ID_008313,585.4206018239214
ID_008314,605.2690568663222
ID_008315,607.5769593253966
ID_008316,641.7394216202816
ID_008317,603.5325343200336
ID_008318,646.7410129437474
ID_008319,635.4223649684583
ID_008320,617.7986595107689
ID_008321,653.2164106070362
ID_008322,610.4686636667103
ID_008323,610.5252024345775
ID_008324,638.546737753379
ID_008325,584.4937434273758
ID_008326,640.5701197011746
ID_008327,611.9565519760835
ID_008328,630.2296601847379
ID_008329,608.9952851847382
ID_008330,622.2508649629743
ID_008331,622.8748764490955
ID_008332,602.114605453668
ID_008333,594.86254412895
ID_008334,602.0533125201091
ID_008335,611.7729689358592
ID_008336,584.6374775780238
ID_008337,613.9178591537965
ID_008338,585.1496032639784
ID_008339,607.92717298772
ID_008340,610.5158115146405
ID_008341,605.7629330223073
ID_008342,600.1460033795971
ID_008343,601.7962943412156
ID_008344,596.2627934803733
ID_008345,616.4726510855417
ID_008346,626.3552228847146
ID_008347,599.6616002721469
ID_008348,639.4082978067354
ID_008349,597.109182117385
ID_008350,656.8558144640178
ID_008351,607.2000656906911
ID_008352,601.8003559362937
ID_008353,611.4199489312766
ID_008354,608.0375748313247
ID_008355,615.9485045313165
ID_008356,585.3895160074843
ID_008357,613.0366815476194
ID_008358,644.9839029065585
ID_008359,639.1368518071646
ID_008360,632.1166358322605
ID_008361,621.1968411491855
ID_008362,603.0781697738735
ID_008363,603.470736655893
ID_008364,584.7867841497141
ID_008365,598.4880377587413
ID_008366,631.8967898702276
ID_008367,606.8625809403148
ID_008368,619.7507068452385
ID_008369,584.6950748348806
ID_008370,613.0492380215035
ID_008371,598.3547585531957
ID_008372,617.0448007463631
ID_008373,634.3399039410762
ID_008374,637.7685137704667
ID_008375,617.9632674628766
ID_008376,635.9422300648864
ID_008377,611.7549447326795
ID_008378,624.039522365304
ID_008379,600.7479624155405
ID_008380,600.9939656732622
ID_008381,597.9195624043281
ID_008382,641.1030296479511
ID_008383,607.7107761221039
ID_008384,597.8525973797457
ID_008385,599.0512407496782
ID_008386,603.8091415025007
ID_008387,618.9284008795727
ID_008388,624.1160293664194
ID_008389,596.8978138406262
ID_008390,592.8726085333501
ID_008391,615.6644205614909
ID_008392,601.3027277277276
ID_008393,584.5159988951009
ID_008394,613.0869094540977
ID_008395,584.9072112849462
ID_008396,611.9847182917496
ID_008397,647.1313391516521
ID_008398,600.33384498033
ID_008399,619.9917777710748
ID_008400,604.4764637963857
ID_008401,617.5881522147149
ID_008402,648.6256688811376
ID_008403,605.6154914096322
ID_008404,601.5385364717395
ID_008405,615.5245337514872
ID_008406,637.077136790808
ID_008407,631.2381985272607
ID_008408,628.2203443398755
ID_008409,624.9820782937966
ID_008410,602.0809032805125
ID_008411,584.7158353498595
ID_008412,601.3019829539355
ID_008413,599.6801387883418
ID_008414,602.4112317674816
ID_008415,604.9715620399212
ID_008416,597.4406093390473
ID_008417,629.428492331617
ID_008418,619.8202512729858
ID_008419,583.9165810788468
ID_008420,599.569958132848
ID_008421,614.6945482363445
ID_008422,622.5871828352294
ID_008423,585.1846915833255
ID_008424,615.3906563371407
ID_008425,611.1973819395703
ID_008426,619.3839038155445
ID_008427,621.1981316696153
ID_008428,613.4559491969655
ID_008429,618.7390424210738
ID_008430,584.7663938263554
ID_008431,600.4968364925398
ID_008432,615.9589649359181
ID_008433,604.0492884321011
ID_008434,603.5746890996106
ID_008435,585.7255542372721
ID_008436,610.0830057177716
ID_008437,601.2803167564887
ID_008438,602.7888936572532
ID_008439,607.3209512754438
ID_008440,618.3684393098457
ID_008441,585.4731044787683
ID_008442,628.8043420449673
ID_008443,607.7984405773475
ID_008444,597.773637222856
ID_008445,613.6122178819444
ID_008446,597.088304208226
ID_008447,610.368330383956
ID_008448,615.5242804645147
ID_008449,615.2185303048577
ID_008450,641.3984926332583
ID_008451,624.8277898434158
ID_008452,603.2909172108397
ID_008453,598.5264513651226
ID_008454,584.9102646452257
ID_008455,601.325752837862
ID_008456,613.0593925195487
ID_008457,609.45187502082
ID_008458,615.4459687365934
ID_008459,585.2096816682756
ID_008460,601.4344654922776
ID_008461,639.5707566662651
ID_008462,628.6736355623073
ID_008463,599.5001849226458
ID_008464,604.5812101163667
ID_008465,586.2972399941534
ID_008466,617.9056668275418
ID_008467,644.3055657778311
ID_008468,604.2320950973295
ID_008469,622.971444994102
ID_008470,601.9550546640392
ID_008471,653.9001209915277
ID_008472,618.252289957368
ID_008473,628.2049976569499
ID_008474,598.0042362852921
ID_008475,613.780833065208
ID_008476,596.6885003006101
ID_008477,617.8236153005677
ID_008478,612.7725992581464
ID_008479,619.2441386292946
ID_008480,637.9742067148318
ID_008481,639.5581472452574
ID_008482,613.1184698090948
ID_008483,620.5224762556795
ID_008484,647.5451487760082
ID_008485,641.7602516020485
ID_008486,596.9299146691333
ID_008487,606.4342841116276
ID_008488,609.1833760657978
ID_008489,610.0476949605847
ID_008490,619.7757252788504
ID_008491,605.9850883807914
ID_008492,616.1853936017991
ID_008493,610.9394145819925
ID_008494,600.0819571803946
ID_008495,601.1609983309203
ID_008496,598.763912852585
ID_008497,603.4738665004289
ID_008498,612.2904047411859
ID_008499,602.7895662708166
ID_008500,631.0532987786892
ID_008501,607.1935762213106
ID_008502,598.9162036478439
ID_008503,638.574060921717
ID_008504,630.6409494163397
ID_008505,603.6257135636043
ID_008506,630.0866443731672
ID_008507,612.7467018916238
ID_008508,628.7689080872675
ID_008509,600.391155806781
ID_008510,590.1595343644162
ID_008511,649.9286082055607
ID_008512,605.586975815101
ID_008513,619.1381363709486
ID_008514,621.0781442562696
ID_008515,625.5118915993913
ID_008516,607.4261966765865
ID_008517,609.2468560636529
ID_008518,618.9012766876046
ID_008519,614.2666873854376
ID_008520,600.8194313733375
ID_008521,626.1252076295041
ID_008522,608.912367247524
ID_008523,628.7607193130631
ID_008524,585.0223783269882
ID_008525,599.8231702309041
ID_008526,608.404755658662
ID_008527,610.6462289856819
ID_008528,626.8418514668516
ID_008529,610.7111781271938
ID_008530,626.7378802351458
ID_008531,631.9298121782491
ID_008532,614.1247335505144
ID_008533,609.8879856571263
ID_008534,585.1568596498295
ID_008535,612.7218515238047
ID_008536,611.8433628027378
ID_008537,619.3135847342877
ID_008538,603.543094266141
ID_008539,602.2520003363762
ID_008540,605.8932337979209
ID_008541,611.1419522200765
ID_008542,584.7178947083243
ID_008543,628.7574627641037
ID_008544,613.9987790245599
ID_008545,632.7740235060546
ID_008546,627.1834959680671
ID_008547,595.8425413390257
ID_008548,605.6183395245895
ID_008549,598.2159599890064
ID_008550,624.0374517374516
ID_008551,601.6655112143395
ID_008552,603.407104923511
ID_008553,611.9084747389436
ID_008554,605.3905871120714
ID_008555,619.5477303196055
ID_008556,612.2755437915591
ID_008557,603.7427453681371
ID_008558,630.7909886448941
ID_008559,584.7095807526272
ID_008560,605.7198824941014
ID_008561,621.1604070232974
ID_008562,597.5861206630739
ID_008563,607.067974112505
ID_008564,608.8179369253592
ID_008565,611.0481444055662
ID_008566,615.576436161202
ID_008567,641.707140678625
ID_008568,606.326738579083
ID_008569,597.9073697581512
ID_008570,619.9108374709932
ID_008571,597.9261772527402
ID_008572,605.9569231620011
ID_008573,597.550239636959
ID_008574,624.6447545861604
ID_008575,637.7796291827534
ID_008576,599.1364509598887
ID_008577,596.7024433219744
ID_008578,616.7603846592121
ID_008579,614.7721302217396
ID_008580,606.0219800868242
ID_008581,637.5246138984421
ID_008582,637.4819706171264
ID_008583,627.8696084578892
ID_008584,629.5087531169568
ID_008585,599.350315214769
ID_008586,613.3025192044722
ID_008587,597.0647572796009
ID_008588,629.8545098670103
ID_008589,604.4849546533139
ID_008590,606.7045700276169
ID_008591,611.4465326375478
ID_008592,610.8357682459244
ID_008593,608.2329993802642
ID_008594,619.7011198190888
ID_008595,630.2647828124394
ID_008596,604.8315268393397
ID_008597,616.0242495513982
ID_008598,630.2605108456675
ID_008599,585.7991065614116
